{
    "mtx": [
        [
            996.3126685153975,
            0.0,
            470.94943758695416
        ],
        [
            0.0,
            991.8267842956748,
            353.3114755650839
        ],
        [
            0.0,
            0.0,
            1.0
        ]
    ],
    "dist": [
        [
            0.06291816602971273,
            -0.46738249800062054,
            -0.001540097420659441,
            0.0017098698625446125,
            -1.0855452246995376
        ]
    ],
    "rvecs": [
        [
            [
                -0.014075681811584027
            ],
            [
                0.07493633491564915
            ],
            [
                -0.02210594584560283
            ]
        ],
        [
            [
                0.0077950653773870325
            ],
            [
                0.35351902843044036
            ],
            [
                3.064399921841073
            ]
        ],
        [
            [
                -0.03838230222436265
            ],
            [
                -0.41561004745840596
            ],
            [
                -2.6994419328713275
            ]
        ],
        [
            [
                0.02132143080599147
            ],
            [
                0.013291385147739618
            ],
            [
                -0.01983384081849834
            ]
        ],
        [
            [
                0.11549703100834181
            ],
            [
                0.0638074568975674
            ],
            [
                3.0901452455320357
            ]
        ],
        [
            [
                0.06419220562364701
            ],
            [
                0.23686675298411328
            ],
            [
                3.1037617795998846
            ]
        ]
    ],
    "tvecs": [
        [
            [
                -3.9096500775002276
            ],
            [
                -4.213727286142896
            ],
            [
                27.431366916140654
            ]
        ],
        [
            [
                6.223939733903216
            ],
            [
                3.0244341357695723
            ],
            [
                28.443667943408595
            ]
        ],
        [
            [
                5.387328072948617
            ],
            [
                2.7812435071061703
            ],
            [
                29.369735188414055
            ]
        ],
        [
            [
                -4.23145580133832
            ],
            [
                -2.71781601770674
            ],
            [
                15.69121265248939
            ]
        ],
        [
            [
                6.5643980594333335
            ],
            [
                -1.0599398964152034
            ],
            [
                25.83026579869434
            ]
        ],
        [
            [
                4.613457987403371
            ],
            [
                3.282998025188737
            ],
            [
                38.11731465475923
            ]
        ]
    ]
}